Workbook

Sheet ניקוד
A1: תחנה | B1: מיקום | C1: קבוצה 1 | D1: קבוצה 2 | E1: קבוצה 3 | F1: קבוצה 4 | G1: קבוצה 5 | H1: קבוצה 6 | I1: קבוצה 7
A2: חידון אישים | B2: משרד | C2: =SUM('חידון אישים'!B2:B16) -> 0 | D2: =SUM('חידון אישים'!C2:C16) -> 0 | E2: =SUM('חידון אישים'!D2:D16) -> 0 | F2: =SUM('חידון אישים'!E2:E16) -> 0 | G2: =SUM('חידון אישים'!F2:F16) -> 0 | H2: =SUM('חידון אישים'!G2:G16) -> 0 | I2: =SUM('חידון אישים'!H2:H16) -> 0
A3: חידות בזק | B3: כימיה | C3: =2*COUNTIF('חידות בזק'!B2:B12, TRUE()) -> 0 | D3: =2*COUNTIF('חידות בזק'!C2:C12, TRUE()) -> 0 | E3: =2*COUNTIF('חידות בזק'!D2:D12, TRUE()) -> 0 | F3: =2*COUNTIF('חידות בזק'!E2:E12, TRUE()) -> 0 | G3: =2*COUNTIF('חידות בזק'!F2:F12, TRUE()) -> 0 | H3: =2*COUNTIF('חידות בזק'!G2:G12, TRUE()) -> 0 | I3: =2*COUNTIF('חידות בזק'!H2:H12, TRUE()) -> 0
A4: חידות בזק 2 | B4: כימיה | C4: =SUM('חידות בזק 2'!B2:B3) -> 0 | D4: =SUM('חידות בזק 2'!C2:C3) -> 0 | E4: =SUM('חידות בזק 2'!D2:D3) -> 0 | F4: =SUM('חידות בזק 2'!E2:E3) -> 0 | G4: =SUM('חידות בזק 2'!F2:F3) -> 0 | H4: =SUM('חידות בזק 2'!G2:G3) -> 0 | I4: =SUM('חידות בזק 2'!H2:H3) -> 0
A5: הרכבת מילה | B5: כימיה | C5: =3*COUNTIF('הרכבת מילה'!B2:B12, TRUE()) -> 0 | D5: =3*COUNTIF('הרכבת מילה'!C2:C12, TRUE()) -> 0 | E5: =3*COUNTIF('הרכבת מילה'!D2:D12, TRUE()) -> 0 | F5: =3*COUNTIF('הרכבת מילה'!E2:E12, TRUE()) -> 0 | G5: =3*COUNTIF('הרכבת מילה'!F2:F12, TRUE()) -> 0 | H5: =3*COUNTIF('הרכבת מילה'!G2:G12, TRUE()) -> 0 | I5: =3*COUNTIF('הרכבת מילה'!H2:H12, TRUE()) -> 0
A6: האודיסיאי המשוגע | B6: גן אקולוגי | C6: =5*COUNTIF('האודיסיאי המשוגע'!B2:B16, TRUE()) -> 0 | D6: =5*COUNTIF('האודיסיאי המשוגע'!C2:C16, TRUE()) -> 0 | E6: =5*COUNTIF('האודיסיאי המשוגע'!D2:D16, TRUE()) -> 0 | F6: =5*COUNTIF('האודיסיאי המשוגע'!E2:E16, TRUE()) -> 0 | G6: =5*COUNTIF('האודיסיאי המשוגע'!F2:F16, TRUE()) -> 0 | H6: =5*COUNTIF('האודיסיאי המשוגע'!G2:G16, TRUE()) -> 0 | I6: =5*COUNTIF('האודיסיאי המשוגע'!H2:H16, TRUE()) -> 0
A7: השלמת שירים | B7: אמדו-סגו | C7: =1*COUNTIF('השלמת שירים'!B2:B30, TRUE()) -> 0 | D7: =1*COUNTIF('השלמת שירים'!C2:C30, TRUE()) -> 0 | E7: =1*COUNTIF('השלמת שירים'!D2:D30, TRUE()) -> 0 | F7: =1*COUNTIF('השלמת שירים'!E2:E30, TRUE()) -> 0 | G7: =1*COUNTIF('השלמת שירים'!F2:F30, TRUE()) -> 0 | H7: =1*COUNTIF('השלמת שירים'!G2:G30, TRUE()) -> 0 | I7: =1*COUNTIF('השלמת שירים'!H2:H30, TRUE()) -> 0
A8: פירמידה אנושית | B8: הדשא של אסט | C8: =2*COUNTIF('פירמידה אנושית'!B2:B16, TRUE()) -> 0 | D8: =2*COUNTIF('פירמידה אנושית'!C2:C16, TRUE()) -> 0 | E8: =2*COUNTIF('פירמידה אנושית'!D2:D16, TRUE()) -> 0 | F8: =2*COUNTIF('פירמידה אנושית'!E2:E16, TRUE()) -> 0 | G8: =2*COUNTIF('פירמידה אנושית'!F2:F16, TRUE()) -> 0 | H8: =2*COUNTIF('פירמידה אנושית'!G2:G16, TRUE()) -> 0 | I8: =2*COUNTIF('פירמידה אנושית'!H2:H16, TRUE()) -> 0
A9: הליכה יצירתית | B9: הספריה המרכזית
A10: ריקודים | B10: יער קיסלק
A11: סך הכל | C11: =SUM(C2:C10) -> 0 | D11: =SUM(D2:D10) -> 0 | E11: =SUM(E2:E10) -> 0 | F11: =SUM(F2:F10) -> 0 | G11: =SUM(G2:G10) -> 0 | H11: =SUM(H2:H10) -> 0 | I11: =SUM(I2:I10) -> 0

Sheet חידון אישים
B1: קבוצה 1 | C1: קבוצה 2 | D1: קבוצה 3 | E1: קבוצה 4 | F1: קבוצה 5 | G1: קבוצה 6 | H1: קבוצה 7

Sheet חידות בזק
B1: קבוצה 1 | C1: קבוצה 2 | D1: קבוצה 3 | E1: קבוצה 4 | F1: קבוצה 5 | G1: קבוצה 6 | H1: קבוצה 7
B2: FALSE | C2: FALSE | D2: FALSE | E2: FALSE | F2: FALSE | G2: FALSE | H2: FALSE
B3: FALSE | C3: FALSE | D3: FALSE | E3: FALSE | F3: FALSE | G3: FALSE | H3: FALSE
B4: FALSE | C4: FALSE | D4: FALSE | E4: FALSE | F4: FALSE | G4: FALSE | H4: FALSE
B5: FALSE | C5: FALSE | D5: FALSE | E5: FALSE | F5: FALSE | G5: FALSE | H5: FALSE
B6: FALSE | C6: FALSE | D6: FALSE | E6: FALSE | F6: FALSE | G6: FALSE | H6: FALSE
B7: FALSE | C7: FALSE | D7: FALSE | E7: FALSE | F7: FALSE | G7: FALSE | H7: FALSE
B8: FALSE | C8: FALSE | D8: FALSE | E8: FALSE | F8: FALSE | G8: FALSE | H8: FALSE
B9: FALSE | C9: FALSE | D9: FALSE | E9: FALSE | F9: FALSE | G9: FALSE | H9: FALSE
B10: FALSE | C10: FALSE | D10: FALSE | E10: FALSE | F10: FALSE | G10: FALSE | H10: FALSE
B11: FALSE | C11: FALSE | D11: FALSE | E11: FALSE | F11: FALSE | G11: FALSE | H11: FALSE
B12: FALSE | C12: FALSE | D12: FALSE | E12: FALSE | F12: FALSE | G12: FALSE | H12: FALSE

Sheet חידות בזק 2
B1: קבוצה 1 | C1: קבוצה 2 | D1: קבוצה 3 | E1: קבוצה 4 | F1: קבוצה 5 | G1: קבוצה 6 | H1: קבוצה 7

Sheet הרכבת מילה
B1: קבוצה 1 | C1: קבוצה 2 | D1: קבוצה 3 | E1: קבוצה 4 | F1: קבוצה 5 | G1: קבוצה 6 | H1: קבוצה 7
B2: FALSE | C2: FALSE | D2: FALSE | E2: FALSE | F2: FALSE | G2: FALSE | H2: FALSE
B3: FALSE | C3: FALSE | D3: FALSE | E3: FALSE | F3: FALSE | G3: FALSE | H3: FALSE
B4: FALSE | C4: FALSE | D4: FALSE | E4: FALSE | F4: FALSE | G4: FALSE | H4: FALSE
B5: FALSE | C5: FALSE | D5: FALSE | E5: FALSE | F5: FALSE | G5: FALSE | H5: FALSE
B6: FALSE | C6: FALSE | D6: FALSE | E6: FALSE | F6: FALSE | G6: FALSE | H6: FALSE
B7: FALSE | C7: FALSE | D7: FALSE | E7: FALSE | F7: FALSE | G7: FALSE | H7: FALSE
B8: FALSE | C8: FALSE | D8: FALSE | E8: FALSE | F8: FALSE | G8: FALSE | H8: FALSE
B9: FALSE | C9: FALSE | D9: FALSE | E9: FALSE | F9: FALSE | G9: FALSE | H9: FALSE
B10: FALSE | C10: FALSE | D10: FALSE | E10: FALSE | F10: FALSE | G10: FALSE | H10: FALSE
B11: FALSE | C11: FALSE | D11: FALSE | E11: FALSE | F11: FALSE | G11: FALSE | H11: FALSE
B12: FALSE | C12: FALSE | D12: FALSE | E12: FALSE | F12: FALSE | G12: FALSE | H12: FALSE

Sheet האודיסיאי המשוגע
B1: קבוצה 1 | C1: קבוצה 2 | D1: קבוצה 3 | E1: קבוצה 4 | F1: קבוצה 5 | G1: קבוצה 6 | H1: קבוצה 7
B2: FALSE | C2: FALSE | D2: FALSE | E2: FALSE | F2: FALSE | G2: FALSE | H2: FALSE
B3: FALSE | C3: FALSE | D3: FALSE | E3: FALSE | F3: FALSE | G3: FALSE | H3: FALSE
B4: FALSE | C4: FALSE | D4: FALSE | E4: FALSE | F4: FALSE | G4: FALSE | H4: FALSE
B5: FALSE | C5: FALSE | D5: FALSE | E5: FALSE | F5: FALSE | G5: FALSE | H5: FALSE
B6: FALSE | C6: FALSE | D6: FALSE | E6: FALSE | F6: FALSE | G6: FALSE | H6: FALSE
B7: FALSE | C7: FALSE | D7: FALSE | E7: FALSE | F7: FALSE | G7: FALSE | H7: FALSE
B8: FALSE | C8: FALSE | D8: FALSE | E8: FALSE | F8: FALSE | G8: FALSE | H8: FALSE
B9: FALSE | C9: FALSE | D9: FALSE | E9: FALSE | F9: FALSE | G9: FALSE | H9: FALSE
B10: FALSE | C10: FALSE | D10: FALSE | E10: FALSE | F10: FALSE | G10: FALSE | H10: FALSE
B11: FALSE | C11: FALSE | D11: FALSE | E11: FALSE | F11: FALSE | G11: FALSE | H11: FALSE
B12: FALSE | C12: FALSE | D12: FALSE | E12: FALSE | F12: FALSE | G12: FALSE | H12: FALSE
B13: FALSE | C13: FALSE | D13: FALSE | E13: FALSE | F13: FALSE | G13: FALSE | H13: FALSE
... B16: FALSE | C16: FALSE | D16: FALSE | E16: FALSE | F16: FALSE | G16: FALSE | H16: FALSE

Sheet השלמת שירים
B1: קבוצה 1 | C1: קבוצה 2 | D1: קבוצה 3 | E1: קבוצה 4 | F1: קבוצה 5 | G1: קבוצה 6 | H1: קבוצה 7
B2: FALSE | C2: FALSE | D2: FALSE | E2: FALSE | F2: FALSE | G2: FALSE | H2: FALSE
B3: FALSE | C3: FALSE | D3: FALSE | E3: FALSE | F3: FALSE | G3: FALSE | H3: FALSE
B4: FALSE | C4: FALSE | D4: FALSE | E4: FALSE | F4: FALSE | G4: FALSE | H4: FALSE
B5: FALSE | C5: FALSE | D5: FALSE | E5: FALSE | F5: FALSE | G5: FALSE | H5: FALSE
B6: FALSE | C6: FALSE | D6: FALSE | E6: FALSE | F6: FALSE | G6: FALSE | H6: FALSE
B7: FALSE | C7: FALSE | D7: FALSE | E7: FALSE | F7: FALSE | G7: FALSE | H7: FALSE
B8: FALSE | C8: FALSE | D8: FALSE | E8: FALSE | F8: FALSE | G8: FALSE | H8: FALSE
B9: FALSE | C9: FALSE | D9: FALSE | E9: FALSE | F9: FALSE | G9: FALSE | H9: FALSE
B10: FALSE | C10: FALSE | D10: FALSE | E10: FALSE | F10: FALSE | G10: FALSE | H10: FALSE
B11: FALSE | C11: FALSE | D11: FALSE | E11: FALSE | F11: FALSE | G11: FALSE | H11: FALSE
B12: FALSE | C12: FALSE | D12: FALSE | E12: FALSE | F12: FALSE | G12: FALSE | H12: FALSE
B13: FALSE | C13: FALSE | D13: FALSE | E13: FALSE | F13: FALSE | G13: FALSE | H13: FALSE
... B30: FALSE | C30: FALSE | D30: FALSE | E30: FALSE | F30: FALSE | G30: FALSE | H30: FALSE

Sheet פירמידה אנושית
B1: קבוצה 1 | C1: קבוצה 2 | D1: קבוצה 3 | E1: קבוצה 4 | F1: קבוצה 5 | G1: קבוצה 6 | H1: קבוצה 7
B2: FALSE | C2: FALSE | D2: FALSE | E2: FALSE | F2: FALSE | G2: FALSE | H2: FALSE
B3: FALSE | C3: FALSE | D3: FALSE | E3: FALSE | F3: FALSE | G3: FALSE | H3: FALSE
B4: FALSE | C4: FALSE | D4: FALSE | E4: FALSE | F4: FALSE | G4: FALSE | H4: FALSE
B5: FALSE | C5: FALSE | D5: FALSE | E5: FALSE | F5: FALSE | G5: FALSE | H5: FALSE
B6: FALSE | C6: FALSE | D6: FALSE | E6: FALSE | F6: FALSE | G6: FALSE | H6: FALSE
B7: FALSE | C7: FALSE | D7: FALSE | E7: FALSE | F7: FALSE | G7: FALSE | H7: FALSE
B8: FALSE | C8: FALSE | D8: FALSE | E8: FALSE | F8: FALSE | G8: FALSE | H8: FALSE
B9: FALSE | C9: FALSE | D9: FALSE | E9: FALSE | F9: FALSE | G9: FALSE | H9: FALSE
B10: FALSE | C10: FALSE | D10: FALSE | E10: FALSE | F10: FALSE | G10: FALSE | H10: FALSE
B11: FALSE | C11: FALSE | D11: FALSE | E11: FALSE | F11: FALSE | G11: FALSE | H11: FALSE
B12: FALSE | C12: FALSE | D12: FALSE | E12: FALSE | F12: FALSE | G12: FALSE | H12: FALSE
B13: FALSE | C13: FALSE | D13: FALSE | E13: FALSE | F13: FALSE | G13: FALSE | H13: FALSE
... B16: FALSE | C16: FALSE | D16: FALSE | E16: FALSE | F16: FALSE | G16: FALSE | H16: FALSE
